[
  {
    "id": 1,
    "title": "Luxury Apartment in ",
    "image": "https://images.pexels.com/photos/6267516/pexels-photo-6267516.jpeg?auto=compress&cs=tinysrgb&w=1260&h=750&dpr=1",
    "location": "Manhattan, NY",
    "description": "A luxurious apartment with a stunning view of the New York skyline.",
    "price": "$3,500,000",
    "beds": 4,
    "baths": 3,
    "size": "2,500 sqft",
    "pricePerSqft": "$1,400/sqft",
    "rating": 4.8,
    "time": "Listed 2 days ago",
    "deleted": true,
    "blocked": false
  },
  {
    "id": 2,
    "title": "Beachfront Villa in Miami",
    "image": "https://images.pexels.com/photos/18280830/pexels-photo-18280830/free-photo-of-residential-house-with-a-car-parked-in-the-driveway.jpeg?auto=compress&cs=tinysrgb&w=1260&h=750&dpr=1",
    "location": "Miami Beach, FL",
    "description": "A beautiful beachfront villa with modern amenities and ocean views.",
    "price": "$4,800,000",
    "beds": 5,
    "baths": 4,
    "size": "3,800 sqft",
    "pricePerSqft": "$1,300/sqft",
    "rating": 4.9,
    "time": "Listed 1 week ago",
    "deleted": true
  },
  {
    "id": 3,
    "title": "Modern Condo in Los Angeles",
    "image": "https://images.pexels.com/photos/221540/pexels-photo-221540.jpeg?auto=compress&cs=tinysrgb&w=1260&h=750&dpr=1",
    "location": "Los Angeles, CA",
    "description": "A stylish modern condo located in the heart of LA, near shopping and dining.",
    "price": "$1,200,000",
    "beds": 2,
    "baths": 2,
    "size": "1,500 sqft",
    "pricePerSqft": "$800/sqft",
    "rating": 4.7,
    "time": "Listed 3 days ago"
  },
  {
    "id": 4,
    "title": "Countryside Mansion",
    "image": "https://images.pexels.com/photos/8894808/pexels-photo-8894808.jpeg?auto=compress&cs=tinysrgb&w=1260&h=750&dpr=1",
    "location": "Nashville, TN",
    "description": "A breathtaking mansion in the peaceful countryside with a large garden.",
    "price": "$2,900,000",
    "beds": 6,
    "baths": 5,
    "size": "6,500 sqft",
    "pricePerSqft": "$450/sqft",
    "rating": 4.6,
    "time": "Listed 5 days ago"
  },
  {
    "id": 5,
    "title": "Skyline View Penthouse",
    "image": "https://images.pexels.com/photos/3935346/pexels-photo-3935346.jpeg?auto=compress&cs=tinysrgb&w=1260&h=750&dpr=1",
    "location": "Chicago, IL",
    "description": "A high-rise penthouse offering a spectacular view of Chicago’s skyline.",
    "price": "100",
    "beds": 3,
    "baths": 3,
    "size": "2,800 sqft",
    "pricePerSqft": "$1,800/sqft",
    "rating": 4.9,
    "time": "Listed 1 day ago",
    "bedrooms": "1",
    "bathrooms": "2",
    "imageUrl": "https://images.pexels.com/photos/2251247/pexels-photo-2251247.jpeg?auto=compress&cs=tinysrgb&w=1260&h=750&dpr=1",
    "blocked": false,
    "deleted": true
  },
  {
    "id": 6,
    "title": "Rustic Cabin in the Woods",
    "image": "https://images.pexels.com/photos/6035306/pexels-photo-6035306.jpeg?auto=compress&cs=tinysrgb&w=1260&h=750&dpr=1",
    "location": "Aspen, CO",
    "description": "A cozy rustic cabin surrounded by beautiful nature and hiking trails.",
    "price": "$850,000",
    "beds": 2,
    "baths": 1,
    "size": "1,100 sqft",
    "pricePerSqft": "$770/sqft",
    "rating": 4.8,
    "time": "Listed 2 weeks ago"
  },
  {
    "id": 7,
    "title": "Futuristic Smart Home",
    "image": "https://images.pexels.com/photos/3990589/pexels-photo-3990589.jpeg?auto=compress&cs=tinysrgb&w=1260&h=750&dpr=1",
    "location": "San Francisco, CA",
    "description": "A fully automated smart home with cutting-edge technology.",
    "price": "$3,800,000",
    "beds": 4,
    "baths": 4,
    "size": "3,000 sqft",
    "pricePerSqft": "$1,250/sqft",
    "rating": 5,
    "time": "Listed 2 days ago"
  },
  {
    "id": 8,
    "title": "Charming Cottage",
    "image": "https://images.pexels.com/photos/1396132/pexels-photo-1396132.jpeg?auto=compress&cs=tinysrgb&w=1260&h=750&dpr=1",
    "location": "Charleston, SC",
    "description": "A charming cottage in a historic neighborhood with old-world charm.",
    "price": "$1,000,000",
    "beds": 3,
    "baths": 2,
    "size": "1,800 sqft",
    "pricePerSqft": "$555/sqft",
    "rating": 4.6,
    "time": "Listed 1 month ago"
  },
  {
    "id": 9,
    "title": "Elegant Victorian aman",
    "image": "https://images.pexels.com/photos/280222/pexels-photo-280222.jpeg?auto=compress&cs=tinysrgb&w=1260&h=750&dpr=1",
    "location": "Boston, MA",
    "description": "A classic Victorian house with high ceilings and hardwood floors.",
    "price": "$2,400,000",
    "beds": 5,
    "baths": 3,
    "size": "4,200 sqft",
    "pricePerSqft": "$570/sqft",
    "rating": 4.7,
    "time": "Listed 4 days ago",
    "deleted": true
  },
  {
    "id": 10,
    "title": "Lakefront Home",
    "image": "https://images.pexels.com/photos/1732414/pexels-photo-1732414.jpeg?auto=compress&cs=tinysrgb&w=1260&h=750&dpr=1",
    "location": "Lake Tahoe, NV",
    "description": "A peaceful lakefront property with a private dock and mountain views.",
    "price": "$2,700,000",
    "beds": 4,
    "baths": 3,
    "size": "3,500 sqft",
    "pricePerSqft": "$770/sqft",
    "rating": 4.8,
    "time": "Listed 2 weeks ago",
    "blocked": false
  },
  {
    "title": "you",
    "description": "dfasfasafsa",
    "price": "500",
    "location": "florida",
    "bedrooms": "1",
    "bathrooms": "1",
    "image": "https://images.pexels.com/photos/30318143/pexels-photo-30318143/free-photo-of-romantic-couple-with-coffee-in-vancouver-cafe.jpeg?auto=compress&cs=tinysrgb&w=600&lazy=loada",
    "id": null,
    "blocked": false,
    "deleted": false
  },
  {
    "id": 0,
    "title": "luxury amann",
    "image": "https://images.pexels.com/photos/2950003/pexels-photo-2950003.jpeg?auto=compress&cs=tinysrgb&w=600",
    "location": "new york city",
    "description": "this is good proeprty",
    "price": "70",
    "beds": "1",
    "baths": "1",
    "size": "1000",
    "pricePerSqft": "10",
    "rating": "4",
    "time": "recently",
    "blocked": false,
    "deleted": true
  },
  {
    "title": "home",
    "image": "https://images.pexels.com/photos/276724/pexels-photo-276724.jpeg?auto=compress&cs=tinysrgb&w=1260&h=750&dpr=1",
    "location": "agra",
    "description": "good home",
    "price": "10000",
    "beds": "1",
    "baths": "1",
    "size": "1000",
    "pricePerSqft": "1000",
    "rating": "4",
    "time": "recent",
    "id": 99,
    "blocked": false,
    "deleted": false
  },
  {
    "title": "luxury villa",
    "image": "https://www.google.com/url?sa=i&url=https%3A%2F%2Fwww.keralahousedesigns.com%2F2018%2F02%2Ftiny-low-cost-india-home-design.html&psig=AOvVaw0WcAkU-OLUUTxytfQr6Bz7&ust=1739861158045000&source=images&cd=vfe&opi=89978449&ved=0CBQQjRxqFwoTCLD3xIaOyosDFQAAAAAdAAAAABAE",
    "location": "sikandra",
    "description": "best home",
    "price": "10000",
    "beds": "2",
    "baths": "1",
    "size": "1000",
    "pricePerSqft": "20",
    "rating": "4",
    "time": "recently",
    "id": 100,
    "blocked": false,
    "deleted": false
  },
  {
    "title": "sdfsasfda",
    "image": "https://images.pexels.com/photos/30146008/pexels-photo-30146008/free-photo-of-traditional-turkish-coffee-brewing-on-hot-coals.jpeg?auto=compress&cs=tinysrgb&w=1260&h=750&dpr=1",
    "location": "dfs",
    "description": "g",
    "price": "gjh",
    "beds": "1",
    "baths": "hjhj",
    "size": "hghg",
    "pricePerSqft": "hjg",
    "rating": "hjhj",
    "time": "g",
    "id": 101,
    "blocked": false,
    "deleted": true
  },
  {
    "title": "new",
    "image": "",
    "location": "khandari",
    "description": "newly added",
    "price": "49999",
    "beds": "4",
    "baths": "4",
    "size": "150",
    "pricePerSqft": "9999",
    "rating": "4",
    "time": "recently",
    "id": 103,
    "blocked": false,
    "deleted": true
  },
  {
    "title": "ldjgasj",
    "image": "https://images.pexels.com/photos/106399/pexels-photo-106399.jpeg?auto=compress&cs=tinysrgb&w=1260&h=750&dpr=1",
    "location": "jfdlkjl",
    "description": "lvjad",
    "price": "lkfdjlkja",
    "beds": "sdlkjgk",
    "baths": "wlkfgj",
    "size": "gjklaj",
    "pricePerSqft": "kqfljl",
    "rating": "gkljw",
    "time": "glkjvq",
    "id": 104,
    "blocked": false,
    "deleted": true
  },
  {
    "title": "best villa",
    "image": "https://images.pexels.com/photos/1396122/pexels-photo-1396122.jpeg?auto=compress&cs=tinysrgb&w=600",
    "location": "agra",
    "description": "it ids best",
    "price": "20000",
    "beds": "3",
    "baths": "5",
    "size": "23",
    "pricePerSqft": "sdsd",
    "rating": "243245",
    "time": "546",
    "id": 105,
    "blocked": false,
    "deleted": true
  },
  {
    "title": "sdfsgfg",
    "image": "https://images.pexels.com/photos/2079246/pexels-photo-2079246.jpeg",
    "location": "agra",
    "description": "etretuy",
    "price": "345678",
    "beds": "grfhfth",
    "baths": "23",
    "size": "23",
    "pricePerSqft": "34",
    "rating": "fgh",
    "time": "23",
    "id": 106,
    "blocked": false,
    "deleted": true
  }
]